,cumulative_return,max_drawdown,num_trades,percent_profitable,percent_loss,avg_profit,avg_loss,profit_factor,percent_strategy_exit,percent_stoploss_exit,mae_mean,mae_max,mae_min,risk_return,max_consectv_wins,max_consectv_loss,annual_return,noise,drawdown_recovery,parameters,score
0,-0.35884919999999854,0.4283044139019654,472,0.2796610169491525,0.7203389830508475,14301.227272727272,-6098.784705882352,0.9103848461998311,0.2817796610169492,0.7182203389830508,-0.003907575042090973,0,-0.035640992939048544,-0.837836801005127,5,15,-0.06791479238461562,0.045412368995342,1591.0,"(0.01, 2, 100, 0.005)",1
