,cumulative_return,max_drawdown,num_trades,percent_profitable,percent_loss,avg_profit,avg_loss,profit_factor,percent_strategy_exit,percent_stoploss_exit,mae_mean,mae_max,mae_min,risk_return,max_consectv_wins,max_consectv_loss,annual_return,noise,drawdown_recovery,parameters,score
0,-0.34356570000000275,0.4081297480589423,449,0.40311804008908686,0.5968819599109132,7938.375690607735,-6026.797201492538,0.8895878677175411,0.40311804008908686,0.5968819599109132,-0.0009561162449371605,0,-0.024878179623586183,-0.841805091723882,7,14,-0.07436848547886665,0.056523268222741334,1232.0,"(0.005, 2, 100, 0.005)",1
